"test","statistic","df","p_value"
"job",836.105487747197,11,3.33712194493562e-172
"education",238.923506164076,3,1.62665621240731e-51
"marital_status",196.49594565604,2,2.14509999867915e-43
