"kmeans_cluster","subscription_rate"
"1",0.0874921695552307
"2",0.0771814971143079
"3",0.138532110091743
"4",0.461005643919959
"5",0.0256410256410256
"6",0.25
